id,case_number,date,block,iucr,primary_type,description,location_description,arrest,domestic,beat,district,ward,community_area,fbi_code,latitude,longitude,location
9446824,HX100141,2014-01-01T02:00:00,0000X W ILLINOIS ST,0460,BATTERY,SIMPLE,STREET,false,false,1831,18,42,8,08B,41.890828047,-87.630234746,POINT(-87.630234746 41.890828047)
9446748,HX100020,2014-01-01T00:00:00,006XX N DEARBORN ST,0890,THEFT,FROM BUILDING,BAR OR TAVERN,false,false,1832,18,42,8,06,41.893541578,-87.629701805,POINT(-87.629701805 41.893541578)
9446758,HX100030,2014-01-01T00:30:00,052XX W RACE AVE,1310,CRIMINAL DAMAGE,TO PROPERTY,APARTMENT,false,false,1523,15,28,25,14,41.890046233,-87.756333158,POINT(-87.756333158 41.890046233)
9446760,HX100027,2014-01-01T00:30:00,053XX W WELLINGTON AVE,0460,BATTERY,SIMPLE,APARTMENT,true,false,2514,25,31,19,08B,41.935011125,-87.759739272,POINT(-87.759739272 41.935011125)
9446764,HX100054,2014-01-01T00:10:00,014XX W LEXINGTON ST,0460,BATTERY,SIMPLE,STREET,false,false,1231,12,25,28,08B,41.872508972,-87.663069212,POINT(-87.663069212 41.872508972)
9446765,HX100013,2014-01-01T00:03:00,064XX S ROCKWELL ST,143A,WEAPONS VIOLATION,UNLAWFUL POSS OF HANDGUN,RESIDENTIAL YARD (FRONT/BACK),true,false,825,8,15,66,15,41.776780469,-87.688465418,POINT(-87.688465418 41.776780469)
9446768,HX100076,2014-01-01T00:10:00,016XX N MENARD AVE,1477,WEAPONS VIOLATION,RECKLESS FIREARM DISCHARGE,RESIDENCE,false,false,2531,25,29,25,15,41.910165043,-87.770310914,POINT(-87.770310914 41.910165043)
9446769,HX100061,2014-01-01T01:00:00,064XX S CENTRAL PARK AVE,2022,NARCOTICS,POSS: COCAINE,SIDEWALK,true,false,823,8,13,65,18,41.77583207,-87.71309304,POINT(-87.71309304 41.77583207)
9446770,HX100039,2014-01-01T00:30:00,002XX S LOCKWOOD AVE,1811,NARCOTICS,POSS: CANNABIS 30GMS OR LESS,STREET,true,false,1522,15,29,25,18,41.87786538,-87.757599414,POINT(-87.757599414 41.87786538)
9446774,HX100101,2014-01-01T01:19:00,026XX E 78TH ST,1811,NARCOTICS,POSS: CANNABIS 30GMS OR LESS,SIDEWALK,true,false,421,4,7,43,18,41.753638069,-87.559191655,POINT(-87.559191655 41.753638069)
9446776,HX100046,2014-01-01T00:50:00,042XX W WILCOX ST,5007,OTHER OFFENSE,OTHER WEAPONS VIOLATION,RESIDENTIAL YARD (FRONT/BACK),true,false,1115,11,28,26,26,41.878796732,-87.731574779,POINT(-87.731574779 41.878796732)
9446778,HX100043,2014-01-01T00:40:00,018XX N KEDVALE AVE,0486,BATTERY,DOMESTIC BATTERY SIMPLE,APARTMENT,true,true,2534,25,30,20,08B,41.914110262,-87.730126268,POINT(-87.730126268 41.914110262)
9446779,HX100035,2014-01-01T00:28:00,014XX N LOREL AVE,1477,WEAPONS VIOLATION,RECKLESS FIREARM DISCHARGE,RESIDENTIAL YARD (FRONT/BACK),false,false,2532,25,37,25,15,41.906393578,-87.75959876,POINT(-87.75959876 41.906393578)
9446780,HX100023,2014-01-01T00:20:00,003XX N COLUMBUS DR,0460,BATTERY,SIMPLE,STREET,true,false,114,1,42,32,08B,41.887155139,-87.62070451,POINT(-87.62070451 41.887155139)
9446781,HX100075,2014-01-01T00:53:00,025XX W THOMAS ST,4387,OTHER OFFENSE,VIOLATE ORDER OF PROTECTION,OTHER,false,true,1211,12,26,24,26,41.90116455,-87.690462606,POINT(-87.690462606 41.90116455)
9446783,HX100093,2014-01-01T00:05:00,011XX W 50TH ST,143A,WEAPONS VIOLATION,UNLAWFUL POSS OF HANDGUN,PARKING LOT/GARAGE(NON.RESID.),true,false,933,9,16,61,15,41.8032982,-87.653195042,POINT(-87.653195042 41.8032982)
9446784,HX100062,2014-01-01T00:45:00,012XX S KOLIN AVE,0430,BATTERY,AGGRAVATED: OTHER DANG WEAPON,APARTMENT,false,false,1011,10,24,29,04B,41.865388535,-87.733716048,POINT(-87.733716048 41.865388535)
9446786,HX100021,2014-01-01T00:11:00,055XX W POTOMAC AVE,1477,WEAPONS VIOLATION,RECKLESS FIREARM DISCHARGE,RESIDENCE PORCH/HALLWAY,true,false,2532,25,37,25,15,41.903964971,-87.764572334,POINT(-87.764572334 41.903964971)
9446787,HX100042,2014-01-01T03:30:00,009XX W BELMONT AVE,1811,NARCOTICS,POSS: CANNABIS 30GMS OR LESS,CTA PLATFORM,true,false,1933,19,44,6,18,41.93991842,-87.653288878,POINT(-87.653288878 41.93991842)
9446788,HX100103,2014-01-01T01:25:00,034XX W 62ND PL,051A,ASSAULT,AGGRAVATED: HANDGUN,RESIDENCE,false,false,823,8,15,66,04A,41.779798537,-87.709216135,POINT(-87.709216135 41.779798537)
9446789,HX100068,2014-01-01T00:25:00,048XX N LAWNDALE AVE,0460,BATTERY,SIMPLE,APARTMENT,true,false,1712,17,39,14,08B,41.968777392,-87.72070834,POINT(-87.72070834 41.968777392)
9446791,HX100104,2014-01-01T00:15:00,014XX N WELLS ST,0890,THEFT,FROM BUILDING,RESTAURANT,false,false,1821,18,27,8,06,41.90840423,-87.6346267,POINT(-87.6346267 41.90840423)
9446792,HX100033,2014-01-01T00:35:00,082XX S DOBSON AVE,1477,WEAPONS VIOLATION,RECKLESS FIREARM DISCHARGE,APARTMENT,false,false,631,6,8,44,15,41.745490203,-87.598898055,POINT(-87.598898055 41.745490203)
9446793,HX100099,2014-01-01T01:41:00,078XX S HALSTED ST,1811,NARCOTICS,POSS: CANNABIS 30GMS OR LESS,POLICE FACILITY/VEH PARKING LOT,true,false,621,6,17,71,18,41.751928332,-87.644077264,POINT(-87.644077264 41.751928332)
9446794,HX100047,2014-01-01T01:00:00,018XX W BERENICE AVE,0460,BATTERY,SIMPLE,STREET,false,false,1922,19,47,5,08B,41.951464344,-87.675601914,POINT(-87.675601914 41.951464344)
9446795,HX100094,2014-01-01T01:15:00,055XX N HARLEM AVE,0460,BATTERY,SIMPLE,CTA TRAIN,true,false,1612,16,41,10,08B,41.982270338,-87.806941262,POINT(-87.806941262 41.982270338)
9446796,HX100085,2014-01-01T01:25:00,053XX W MADISON ST,1710,OFFENSE INVOLVING CHILDREN,ENDANGERING LIFE/HEALTH CHILD,APARTMENT,true,true,1522,15,28,25,26,41.880318816,-87.759259218,POINT(-87.759259218 41.880318816)
9446799,HX100040,2014-01-01T00:07:00,072XX S HARVARD AVE,141A,WEAPONS VIOLATION,UNLAWFUL USE HANDGUN,RESIDENTIAL YARD (FRONT/BACK),true,false,731,7,17,69,15,41.763005571,-87.633387702,POINT(-87.633387702 41.763005571)
9446801,HX100078,2014-01-01T01:10:00,053XX W MADISON ST,0486,BATTERY,DOMESTIC BATTERY SIMPLE,APARTMENT,true,true,1522,15,28,25,08B,41.880318816,-87.759259218,POINT(-87.759259218 41.880318816)
9446805,HX100049,2014-01-01T01:00:00,026XX W WINONA ST,0560,ASSAULT,SIMPLE,RESIDENCE,true,true,2031,20,40,4,08A,41.974819425,-87.694400228,POINT(-87.694400228 41.974819425)
9446807,HX100117,2014-01-01T01:10:00,006XX E OAKWOOD BLVD,0460,BATTERY,SIMPLE,VEHICLE NON-COMMERCIAL,true,false,214,2,4,38,08B,41.822699052,-87.610754474,POINT(-87.610754474 41.822699052)
9446808,HX100036,2014-01-01T00:07:00,064XX S WHIPPLE ST,143A,WEAPONS VIOLATION,UNLAWFUL POSS OF HANDGUN,RESIDENCE,true,false,823,8,15,66,15,41.776545045,-87.699418652,POINT(-87.699418652 41.776545045)
9446809,HX100014,2014-01-01T00:22:00,086XX S MORGAN ST,143A,WEAPONS VIOLATION,UNLAWFUL POSS OF HANDGUN,STREET,true,false,613,6,21,71,15,41.737349668,-87.648516321,POINT(-87.648516321 41.737349668)
9446810,HX100109,2014-01-01T01:45:00,010XX N HARDING AVE,0486,BATTERY,DOMESTIC BATTERY SIMPLE,APARTMENT,true,true,1112,11,27,23,08B,41.90002996,-87.724995053,POINT(-87.724995053 41.90002996)
9446811,HX100017,2014-01-01T00:05:00,031XX W WALNUT ST,143A,WEAPONS VIOLATION,UNLAWFUL POSS OF HANDGUN,RESIDENCE PORCH/HALLWAY,true,false,1222,12,27,27,15,41.885413516,-87.705005317,POINT(-87.705005317 41.885413516)
9446813,HX100102,2014-01-01T00:07:00,015XX S AVERS AVE,1460,WEAPONS VIOLATION,POSS FIREARM/AMMO:NO FOID CARD,RESIDENCE,true,false,1014,10,24,29,15,41.860144834,-87.721338861,POINT(-87.721338861 41.860144834)
9446814,HX100063,2014-01-01T00:20:00,035XX W GRENSHAW ST,143B,WEAPONS VIOLATION,UNLAWFUL POSS OTHER FIREARM,RESIDENTIAL YARD (FRONT/BACK),true,false,1133,11,24,29,15,41.867266901,-87.71379605,POINT(-87.71379605 41.867266901)
9446815,HX100137,2014-01-01T01:45:00,031XX S RACINE AVE,1310,CRIMINAL DAMAGE,TO PROPERTY,RESIDENCE,true,true,913,9,11,60,14,41.836674077,-87.655986621,POINT(-87.655986621 41.836674077)
9446816,HX100018,2014-01-01T00:10:00,038XX S PRINCETON AVE,0486,BATTERY,DOMESTIC BATTERY SIMPLE,SIDEWALK,false,true,915,9,3,34,08B,41.824976728,-87.633795457,POINT(-87.633795457 41.824976728)
9446819,HX100082,2014-01-01T00:12:00,002XX W 106TH PL,143A,WEAPONS VIOLATION,UNLAWFUL POSS OF HANDGUN,RESIDENCE,true,false,512,5,34,49,15,41.7007079,-87.629504683,POINT(-87.629504683 41.7007079)
9446820,HX100147,2014-01-01T01:30:00,0000X E 18TH ST,3760,INTERFERENCE WITH PUBLIC OFFICER,OBSTRUCTING SERVICE,APARTMENT,true,false,131,1,3,33,24,41.857816939,-87.627010077,POINT(-87.627010077 41.857816939)
9446821,HX100157,2014-01-01T02:15:00,0000X E WASHINGTON ST,1330,CRIMINAL TRESPASS,TO LAND,RESTAURANT,true,false,112,1,42,32,26,41.883224548,-87.625004345,POINT(-87.625004345 41.883224548)
9446823,HX100106,2014-01-01T00:27:00,069XX S THROOP ST,1477,WEAPONS VIOLATION,RECKLESS FIREARM DISCHARGE,RESIDENTIAL YARD (FRONT/BACK),true,false,734,7,17,67,15,41.76779358,-87.656616368,POINT(-87.656616368 41.76779358)
9446825,HX100032,2014-01-01T00:14:00,073XX S EBERHART AVE,1812,NARCOTICS,POSS: CANNABIS MORE THAN 30GMS,RESIDENCE,true,false,323,3,6,69,18,41.761442654,-87.612739654,POINT(-87.612739654 41.761442654)
9446826,HX100145,2014-01-01T01:45:00,006XX N ST CLAIR ST,0486,BATTERY,DOMESTIC BATTERY SIMPLE,HOTEL/MOTEL,true,true,1834,18,42,8,08B,41.893652298,-87.622725822,POINT(-87.622725822 41.893652298)
9446827,HX100121,2014-01-01T01:07:00,077XX S NORMAL AVE,0470,PUBLIC PEACE VIOLATION,RECKLESS CONDUCT,APARTMENT,true,false,621,6,17,69,24,41.753566746,-87.636806965,POINT(-87.636806965 41.753566746)
9446828,HX100167,2014-01-01T01:50:00,022XX N LINCOLN AVE,0460,BATTERY,SIMPLE,SIDEWALK,true,false,1812,18,43,7,08B,41.922570643,-87.644738779,POINT(-87.644738779 41.922570643)
9446830,HX100077,2014-01-01T00:13:00,043XX W WILCOX ST,143A,WEAPONS VIOLATION,UNLAWFUL POSS OF HANDGUN,STREET,true,false,1115,11,28,26,15,41.878772294,-87.73372314,POINT(-87.73372314 41.878772294)
9446832,HX100092,2014-01-01T00:24:00,042XX W MONROE ST,051A,ASSAULT,AGGRAVATED: HANDGUN,APARTMENT,true,false,1115,11,28,26,04A,41.879690601,-87.731430526,POINT(-87.731430526 41.879690601)
9446833,HX100069,2014-01-01T01:00:00,105XX S SANGAMON ST,1310,CRIMINAL DAMAGE,TO PROPERTY,RESIDENCE,false,true,2232,22,34,73,14,41.702728142,-87.646353382,POINT(-87.646353382 41.702728142)
9446834,HX100098,2014-01-01T00:02:00,072XX S MORGAN ST,1477,WEAPONS VIOLATION,RECKLESS FIREARM DISCHARGE,RESIDENTIAL YARD (FRONT/BACK),true,false,733,7,17,68,15,41.762519013,-87.64919809,POINT(-87.64919809 41.762519013)
9446835,HX100130,2014-01-01T01:53:00,005XX N RUSH ST,0460,BATTERY,SIMPLE,HOTEL/MOTEL,true,false,1834,18,42,8,08B,41.892002902,-87.625373807,POINT(-87.625373807 41.892002902)
9446837,HX100181,2014-01-01T01:30:00,021XX N CLYBOURN AVE,0560,ASSAULT,SIMPLE,BAR OR TAVERN,true,false,1811,18,43,7,08A,41.919989843,-87.66214265,POINT(-87.66214265 41.919989843)
9446838,HX100176,2014-01-01T01:37:00,082XX S DOBSON AVE,1365,CRIMINAL TRESPASS,TO RESIDENCE,RESIDENCE,true,false,631,6,8,44,26,41.745446274,-87.598894891,POINT(-87.598894891 41.745446274)
9446840,HX100123,2014-01-01T01:25:00,039XX W POTOMAC AVE,1563,SEX OFFENSE,CRIMINAL SEXUAL ABUSE,RESIDENCE,false,true,2535,25,27,23,17,41.904451678,-87.724618792,POINT(-87.724618792 41.904451678)
9446841,HX100060,2014-01-01T00:35:00,099XX S PARNELL AVE,0460,BATTERY,SIMPLE,STREET,true,false,2232,22,9,73,08B,41.713582953,-87.636945808,POINT(-87.636945808 41.713582953)
9446843,HX100187,2014-01-01T02:24:00,014XX W LAKE ST,1210,DECEPTIVE PRACTICE,THEFT OF LABOR/SERVICES,OTHER,true,false,1224,12,27,28,11,41.885393253,-87.663547848,POINT(-87.663547848 41.885393253)
9446844,HX100064,2014-01-01T00:15:00,110XX S HOYNE AVE,0460,BATTERY,SIMPLE,SIDEWALK,false,false,2212,22,19,75,08B,41.693344543,-87.674346143,POINT(-87.674346143 41.693344543)
9446846,HX100086,2014-01-01T00:00:00,008XX S HOMAN AVE,1310,CRIMINAL DAMAGE,TO PROPERTY,APARTMENT,false,false,1133,11,24,27,14,41.870639199,-87.710679384,POINT(-87.710679384 41.870639199)
9446847,HX100108,2014-01-01T01:30:00,013XX W FULLERTON AVE,0460,BATTERY,SIMPLE,SIDEWALK,true,false,1811,18,32,7,08B,41.925226195,-87.662675716,POINT(-87.662675716 41.925226195)
9446848,HX100055,2014-01-01T00:30:00,001XX W 103RD ST,0486,BATTERY,DOMESTIC BATTERY SIMPLE,STREET,false,true,511,5,9,49,08B,41.707112161,-87.627552452,POINT(-87.627552452 41.707112161)
9446849,HX100025,2014-01-01T00:20:00,130XX S ELLIS AVE,0486,BATTERY,DOMESTIC BATTERY SIMPLE,SIDEWALK,false,true,533,5,9,54,08B,41.657770677,-87.597623055,POINT(-87.597623055 41.657770677)
9446851,HX100126,2014-01-01T01:44:00,010XX N RUSH ST,0460,BATTERY,SIMPLE,BAR OR TAVERN,false,false,1824,18,42,8,08B,41.901873845,-87.628038144,POINT(-87.628038144 41.901873845)
9446852,HX100129,2014-01-01T00:58:00,070XX S HONORE ST,141A,WEAPONS VIOLATION,UNLAWFUL USE HANDGUN,OTHER,true,false,735,7,17,67,15,41.766172478,-87.669924818,POINT(-87.669924818 41.766172478)
9446853,HX100170,2014-01-01T02:30:00,106XX S PRAIRIE AVE,0486,BATTERY,DOMESTIC BATTERY SIMPLE,APARTMENT,false,true,512,5,9,49,08B,41.700936809,-87.617249556,POINT(-87.617249556 41.700936809)
9446856,HX100131,2014-01-01T00:10:00,077XX S NORMAL AVE,0470,PUBLIC PEACE VIOLATION,RECKLESS CONDUCT,APARTMENT,true,false,621,6,17,69,24,41.753566746,-87.636806965,POINT(-87.636806965 41.753566746)
9446857,HX100122,2014-01-01T01:38:00,070XX S DR MARTIN LUTHER KING JR DR,0454,BATTERY,AGG PO HANDS NO/MIN INJURY,SIDEWALK,true,false,322,3,6,69,08B,41.76729305,-87.61529879,POINT(-87.61529879 41.76729305)
9446858,HX100100,2014-01-01T00:50:00,013XX S INDEPENDENCE BLVD,0486,BATTERY,DOMESTIC BATTERY SIMPLE,APARTMENT,false,true,1011,10,24,29,08B,41.863790105,-87.719450164,POINT(-87.719450164 41.863790105)
9446863,HX100161,2014-01-01T01:49:00,011XX N ELSTON AVE,0460,BATTERY,SIMPLE,SIDEWALK,true,false,1213,12,27,24,08B,41.902765473,-87.657661545,POINT(-87.657661545 41.902765473)
9446864,HX100182,2014-01-01T02:30:00,003XX E 53RD ST,1310,CRIMINAL DAMAGE,TO PROPERTY,APARTMENT,false,false,231,2,3,40,14,41.798415477,-87.618732582,POINT(-87.618732582 41.798415477)
9446865,HX100221,2014-01-01T03:00:00,014XX S SPAULDING AVE,0486,BATTERY,DOMESTIC BATTERY SIMPLE,APARTMENT,false,true,1022,10,24,29,08B,41.861889539,-87.707974279,POINT(-87.707974279 41.861889539)
9446866,HX100065,2014-01-01T00:16:00,028XX W JACKSON BLVD,141A,WEAPONS VIOLATION,UNLAWFUL USE HANDGUN,RESIDENCE PORCH/HALLWAY,true,false,1124,11,2,27,15,41.877418146,-87.69777281,POINT(-87.69777281 41.877418146)
9446867,HX100165,2014-01-01T01:43:00,003XX N DEARBORN ST,0460,BATTERY,SIMPLE,BAR OR TAVERN,false,false,1831,18,42,8,08B,41.888186647,-87.629551237,POINT(-87.629551237 41.888186647)
9446869,HX100058,2014-01-01T00:14:00,073XX S EBERHART AVE,0454,BATTERY,AGG PO HANDS NO/MIN INJURY,RESIDENCE PORCH/HALLWAY,true,false,323,3,6,69,08B,41.761442654,-87.612739654,POINT(-87.612739654 41.761442654)
9446871,HX100156,2014-01-01T01:00:00,033XX N HALSTED ST,0870,THEFT,POCKET-PICKING,BAR OR TAVERN,false,false,1924,19,44,6,06,41.943108594,-87.649366085,POINT(-87.649366085 41.943108594)
9446873,HX100209,2014-01-01T02:20:00,016XX N LUNA AVE,0460,BATTERY,SIMPLE,SIDEWALK,false,false,2532,25,37,25,08B,41.910000628,-87.764235875,POINT(-87.764235875 41.910000628)
9446874,HX100186,2014-01-01T02:15:00,021XX N CLYBOURN AVE,0520,ASSAULT,AGGRAVATED:KNIFE/CUTTING INSTR,BAR OR TAVERN,true,false,1811,18,43,7,04A,41.919989843,-87.66214265,POINT(-87.66214265 41.919989843)
9446875,HX100110,2014-01-01T00:07:00,057XX S ARTESIAN AVE,143A,WEAPONS VIOLATION,UNLAWFUL POSS OF HANDGUN,RESIDENCE PORCH/HALLWAY,false,false,824,8,16,63,15,41.789459579,-87.685137143,POINT(-87.685137143 41.789459579)
9446876,HX100159,2014-01-01T00:00:00,074XX W FOREST PRESERVE AVE,1320,CRIMINAL DAMAGE,TO VEHICLE,STREET,false,false,1631,16,36,17,14,41.950922055,-87.813312722,POINT(-87.813312722 41.950922055)
9446877,HX100242,2014-01-01T01:00:00,037XX N BROADWAY,0810,THEFT,OVER $500,BAR OR TAVERN,false,false,1925,19,46,6,06,41.950197458,-87.648999894,POINT(-87.648999894 41.950197458)
9446878,HX100154,2014-01-01T01:03:00,010XX W HOLLYWOOD AVE,0454,BATTERY,AGG PO HANDS NO/MIN INJURY,PARKING LOT/GARAGE(NON.RESID.),true,false,2022,20,48,77,08B,41.985500167,-87.657089031,POINT(-87.657089031 41.985500167)
9446880,HX100216,2014-01-01T02:50:00,001XX E WALTON ST,0460,BATTERY,SIMPLE,HOTEL/MOTEL,true,false,1833,18,42,8,08B,41.900017769,-87.623426629,POINT(-87.623426629 41.900017769)
9446881,HX100146,2014-01-01T02:00:00,035XX W GRENSHAW ST,0486,BATTERY,DOMESTIC BATTERY SIMPLE,BAR OR TAVERN,false,true,1133,11,24,29,08B,41.867253332,-87.714842519,POINT(-87.714842519 41.867253332)
9446882,HX100105,2014-01-01T01:35:00,059XX S MORGAN ST,1310,CRIMINAL DAMAGE,TO PROPERTY,RESIDENCE,false,false,712,7,16,68,14,41.786315688,-87.649810504,POINT(-87.649810504 41.786315688)
9446885,HX100183,2014-01-01T02:25:00,071XX W SCHREIBER AVE,0486,BATTERY,DOMESTIC BATTERY SIMPLE,RESIDENCE,true,true,1611,16,41,10,08B,41.998655169,-87.805573815,POINT(-87.805573815 41.998655169)
9446887,HX100135,2014-01-01T01:19:00,120XX S LOOMIS ST,0554,ASSAULT,AGG PO HANDS NO/MIN INJURY,SIDEWALK,true,false,524,5,34,53,08A,41.675161047,-87.656485806,POINT(-87.656485806 41.675161047)
9446894,HX100210,2014-01-01T02:55:00,128XX S PARNELL AVE,1310,CRIMINAL DAMAGE,TO PROPERTY,RESIDENCE,false,true,523,5,9,53,14,41.660182028,-87.63531473,POINT(-87.63531473 41.660182028)
9446895,HX100188,2014-01-01T02:15:00,008XX S WELLS ST,0486,BATTERY,DOMESTIC BATTERY SIMPLE,APARTMENT,false,true,123,1,2,32,08B,41.87178962,-87.633564301,POINT(-87.633564301 41.87178962)
9446898,HX100158,2014-01-01T01:00:00,008XX S PLYMOUTH CT,0479,BATTERY,AGG: HANDS/FIST/FEET SERIOUS INJURY,RESIDENCE,false,false,123,1,2,32,04B,41.870724666,-87.628597294,POINT(-87.628597294 41.870724666)
9446900,HX100010,2014-01-01T00:12:00,0000X E 121ST ST,143A,WEAPONS VIOLATION,UNLAWFUL POSS OF HANDGUN,RESIDENCE,true,false,532,5,9,53,15,41.674309172,-87.621768839,POINT(-87.621768839 41.674309172)
9446901,HX100184,2014-01-01T02:40:00,005XX W 63RD ST,1320,CRIMINAL DAMAGE,TO VEHICLE,OTHER,false,true,711,7,20,68,14,41.779858738,-87.637981729,POINT(-87.637981729 41.779858738)
9446903,HX100202,2014-01-01T01:00:00,021XX S WABASH AVE,0890,THEFT,FROM BUILDING,BAR OR TAVERN,false,false,131,1,2,33,06,41.853853291,-87.625519384,POINT(-87.625519384 41.853853291)
9446904,HX100112,2014-01-01T00:08:00,003XX E 116TH ST,143B,WEAPONS VIOLATION,UNLAWFUL POSS OTHER FIREARM,RESIDENCE,true,false,532,5,9,53,15,41.682596015,-87.615421182,POINT(-87.615421182 41.682596015)
9446906,HX100096,2014-01-01T01:30:00,088XX S STONY ISLAND AVE,0486,BATTERY,DOMESTIC BATTERY SIMPLE,ALLEY,true,true,412,4,8,48,08B,41.734638503,-87.585597586,POINT(-87.585597586 41.734638503)
9446908,HX100228,2014-01-01T03:15:00,034XX W 60TH ST,0320,ROBBERY,STRONGARM - NO WEAPON,SIDEWALK,false,false,823,8,16,66,03,41.784340996,-87.708831088,POINT(-87.708831088 41.784340996)
9446909,HX100185,2014-01-01T02:26:00,026XX N RIDGEWAY AVE,051A,ASSAULT,AGGRAVATED: HANDGUN,RESIDENCE,true,false,2524,25,35,22,04A,41.929340673,-87.720784482,POINT(-87.720784482 41.929340673)
9446910,HX100244,2014-01-01T03:09:00,043XX W BELMONT AVE,1305,CRIMINAL DAMAGE,CRIMINAL DEFACEMENT,COMMERCIAL / BUSINESS OFFICE,true,false,1731,17,31,16,14,41.938980377,-87.735743293,POINT(-87.735743293 41.938980377)
9446911,HX100265,2014-01-01T03:50:00,030XX N KARLOV AVE,1365,CRIMINAL TRESPASS,TO RESIDENCE,RESIDENCE PORCH/HALLWAY,true,false,2523,25,31,21,26,41.936615524,-87.729576105,POINT(-87.729576105 41.936615524)
9446912,HX100211,2014-01-01T01:15:00,004XX E 76TH ST,0486,BATTERY,DOMESTIC BATTERY SIMPLE,APARTMENT,true,true,624,6,6,69,08B,41.756613958,-87.613380078,POINT(-87.613380078 41.756613958)
9446915,HX100220,2014-01-01T03:16:00,034XX W SHAKESPEARE AVE,0486,BATTERY,DOMESTIC BATTERY SIMPLE,APARTMENT,false,true,1413,14,26,22,08B,41.92007241,-87.712422044,POINT(-87.712422044 41.92007241)
9446916,HX100240,2014-01-01T02:48:00,079XX S INGLESIDE AVE,0320,ROBBERY,STRONGARM - NO WEAPON,GROCERY FOOD STORE,false,false,624,6,8,44,03,41.750869391,-87.601533966,POINT(-87.601533966 41.750869391)
9446917,HX100083,2014-01-01T00:10:00,068XX S MERRILL AVE,0320,ROBBERY,STRONGARM - NO WEAPON,SIDEWALK,false,false,331,3,5,43,03,41.771215385,-87.572767656,POINT(-87.572767656 41.771215385)
9446918,HX100234,2014-01-01T03:25:00,077XX S EGGLESTON AVE,0486,BATTERY,DOMESTIC BATTERY SIMPLE,APARTMENT,false,true,621,6,17,69,08B,41.754047906,-87.635599678,POINT(-87.635599678 41.754047906)
9446919,HX100199,2014-01-01T02:55:00,024XX N MILWAUKEE AVE,1320,CRIMINAL DAMAGE,TO VEHICLE,STREET,false,false,1414,14,35,22,14,41.925155622,-87.701021683,POINT(-87.701021683 41.925155622)
9446921,HX100067,2014-01-01T00:04:00,048XX S PRAIRIE AVE,1460,WEAPONS VIOLATION,POSS FIREARM/AMMO:NO FOID CARD,APARTMENT,true,false,224,2,3,38,15,41.806801421,-87.61952336,POINT(-87.61952336 41.806801421)
9446924,HX100204,2014-01-01T02:30:00,062XX S NATCHEZ AVE,0320,ROBBERY,STRONGARM - NO WEAPON,SIDEWALK,true,false,812,8,23,64,03,41.778527163,-87.783742258,POINT(-87.783742258 41.778527163)
9446925,HX100205,2014-01-01T03:15:00,074XX S MAPLEWOOD AVE,0430,BATTERY,AGGRAVATED: OTHER DANG WEAPON,RESIDENCE,false,false,835,8,18,66,04B,41.758469053,-87.686742896,POINT(-87.686742896 41.758469053)
9446926,HX100239,2014-01-01T02:00:00,020XX W 65TH ST,0610,BURGLARY,FORCIBLE ENTRY,APARTMENT,false,false,726,7,15,67,05,41.775699085,-87.674416644,POINT(-87.674416644 41.775699085)
9446927,HX100206,2014-01-01T02:00:00,043XX N LEAVITT ST,0320,ROBBERY,STRONGARM - NO WEAPON,SIDEWALK,false,false,1911,19,47,5,03,41.960256788,-87.683795084,POINT(-87.683795084 41.960256788)
9446928,HX100237,2014-01-01T02:58:00,062XX S MORGAN ST,0496,BATTERY,AGGRAVATED DOMESTIC BATTERY: KNIFE/CUTTING INST,APARTMENT,true,true,712,7,16,68,04B,41.780667097,-87.649668842,POINT(-87.649668842 41.780667097)
9446929,HX100084,2014-01-01T01:10:00,065XX S WINCHESTER AVE,0486,BATTERY,DOMESTIC BATTERY SIMPLE,RESIDENCE,false,true,726,7,15,67,08B,41.774769188,-87.672578459,POINT(-87.672578459 41.774769188)
9446932,HX100248,2014-01-01T03:30:00,074XX W TALCOTT AVE,0460,BATTERY,SIMPLE,HOSPITAL BUILDING/GROUNDS,false,false,1612,16,41,10,08B,41.988630807,-87.812829371,POINT(-87.812829371 41.988630807)
9446933,HX100256,2014-01-01T03:45:00,016XX N MC VICKER AVE,0486,BATTERY,DOMESTIC BATTERY SIMPLE,APARTMENT,true,true,2513,25,29,25,08B,41.909978245,-87.776462515,POINT(-87.776462515 41.909978245)
9446934,HX100195,2014-01-01T02:40:00,026XX S CHRISTIANA AVE,0486,BATTERY,DOMESTIC BATTERY SIMPLE,APARTMENT,false,true,1032,10,22,30,08B,41.843506743,-87.708663447,POINT(-87.708663447 41.843506743)
9446935,HX100230,2014-01-01T03:00:00,053XX W MELROSE ST,0486,BATTERY,DOMESTIC BATTERY SIMPLE,RESIDENCE,false,true,1634,16,38,15,08B,41.939564165,-87.760363737,POINT(-87.760363737 41.939564165)
9446936,HX100266,2014-01-01T04:10:00,081XX S INGLESIDE AVE,031A,ROBBERY,ARMED: HANDGUN,STREET,false,false,631,6,8,44,03,41.747210589,-87.601432604,POINT(-87.601432604 41.747210589)
9446937,HX100238,2014-01-01T00:42:00,001XX E CHICAGO AVE,3710,INTERFERENCE WITH PUBLIC OFFICER,RESIST/OBSTRUCT/DISARM OFFICER,STREET,true,false,1833,18,42,8,24,41.896717997,-87.625009525,POINT(-87.625009525 41.896717997)
9446938,HX100198,2014-01-01T02:45:00,014XX S KOMENSKY AVE,0486,BATTERY,DOMESTIC BATTERY SIMPLE,APARTMENT,false,true,1011,10,24,29,08B,41.861655606,-87.726262003,POINT(-87.726262003 41.861655606)
9446939,HX100051,2014-01-01T01:05:00,070XX S CRANDON AVE,0486,BATTERY,DOMESTIC BATTERY SIMPLE,SIDEWALK,false,true,331,3,5,43,08B,41.767718802,-87.569817775,POINT(-87.569817775 41.767718802)
9446940,HX100267,2014-01-01T03:50:00,033XX S MORGAN ST,0486,BATTERY,DOMESTIC BATTERY SIMPLE,STREET,false,true,913,9,11,60,08B,41.834638848,-87.65105794,POINT(-87.65105794 41.834638848)
9446942,HX100231,2014-01-01T03:00:00,074XX S CHAMPLAIN AVE,0430,BATTERY,AGGRAVATED: OTHER DANG WEAPON,RESIDENCE,false,false,323,3,6,69,04B,41.759663266,-87.609076025,POINT(-87.609076025 41.759663266)
9446943,HX100252,2014-01-01T03:45:00,074XX S EBERHART AVE,0486,BATTERY,DOMESTIC BATTERY SIMPLE,APARTMENT,false,true,323,3,6,69,08B,41.75963392,-87.612701246,POINT(-87.612701246 41.75963392)
9446944,HX100264,2014-01-01T04:08:00,003XX E 69TH ST,0486,BATTERY,DOMESTIC BATTERY SIMPLE,APARTMENT,false,true,322,3,6,69,08B,41.769286936,-87.618183502,POINT(-87.618183502 41.769286936)
9446945,HX100236,2014-01-01T02:44:00,0000X N PINE AVE,051A,ASSAULT,AGGRAVATED: HANDGUN,ALLEY,false,false,1522,15,29,25,04A,41.881765647,-87.763237941,POINT(-87.763237941 41.881765647)
9447410,HX100805,2014-01-01T17:07:00,052XX W MADISON ST,0860,THEFT,RETAIL THEFT,DRUG STORE,true,false,1522,15,28,25,06,41.880362084,-87.755847438,POINT(-87.755847438 41.880362084)
9446951,HX100276,2014-01-01T03:45:00,005XX N CLARK ST,0430,BATTERY,AGGRAVATED: OTHER DANG WEAPON,HOTEL/MOTEL,false,false,1831,18,42,8,04B,41.891280766,-87.631118582,POINT(-87.631118582 41.891280766)
9446952,HX100219,2014-01-01T01:00:00,008XX N KARLOV AVE,0486,BATTERY,DOMESTIC BATTERY SIMPLE,VEHICLE NON-COMMERCIAL,false,false,1111,11,37,23,08B,41.896160267,-87.728572565,POINT(-87.728572565 41.896160267)
9446954,HX100259,2014-01-01T02:45:00,067XX S WABASH AVE,3710,INTERFERENCE WITH PUBLIC OFFICER,RESIST/OBSTRUCT/DISARM OFFICER,STREET,true,false,322,3,20,69,24,41.77231932,-87.62348375,POINT(-87.62348375 41.77231932)
9446955,HX100200,2014-01-01T03:00:00,047XX W GLADYS AVE,0460,BATTERY,SIMPLE,SIDEWALK,false,false,1131,11,24,25,08B,41.875944197,-87.743498359,POINT(-87.743498359 41.875944197)
9446956,HX100278,2014-01-01T02:15:00,002XX E HURON ST,0460,BATTERY,SIMPLE,HOSPITAL BUILDING/GROUNDS,true,false,1834,18,42,8,08B,41.895003278,-87.62152816,POINT(-87.62152816 41.895003278)
9446957,HX100285,2014-01-01T03:30:00,005XX N CLARK ST,0460,BATTERY,SIMPLE,HOTEL/MOTEL,false,false,1831,18,42,8,08B,41.891280766,-87.631118582,POINT(-87.631118582 41.891280766)
9446958,HX100026,2014-01-01T00:05:00,005XX E 67TH ST,0550,ASSAULT,AGGRAVATED PO: HANDGUN,STREET,true,false,321,3,20,42,04A,41.773042565,-87.61139273,POINT(-87.61139273 41.773042565)
9446959,HX100214,2014-01-01T02:26:00,018XX N MONITOR AVE,0560,ASSAULT,SIMPLE,APARTMENT,true,true,2531,25,29,25,08A,41.913859705,-87.771619466,POINT(-87.771619466 41.913859705)
9446960,HX100272,2014-01-01T04:25:00,063XX S ASHLAND AVE,0460,BATTERY,SIMPLE,CTA GARAGE / OTHER PROPERTY,true,false,725,7,16,67,08B,41.778883826,-87.664206366,POINT(-87.664206366 41.778883826)
9446961,HX100166,2014-01-01T02:28:00,072XX S UNION AVE,0486,BATTERY,DOMESTIC BATTERY SIMPLE,RESIDENCE,false,true,732,7,17,68,08B,41.7627692,-87.641483451,POINT(-87.641483451 41.7627692)
9446963,HX100177,2014-01-01T02:00:00,035XX N CLARK ST,0486,BATTERY,DOMESTIC BATTERY SIMPLE,SIDEWALK,true,true,1924,19,44,6,08B,41.946669268,-87.65608802,POINT(-87.65608802 41.946669268)
9446964,HX100254,2014-01-01T04:00:00,042XX S MICHIGAN AVE,0486,BATTERY,DOMESTIC BATTERY SIMPLE,APARTMENT,true,true,213,2,3,38,08B,41.817468354,-87.62305508,POINT(-87.62305508 41.817468354)
9446965,HX100155,2014-01-01T02:32:00,007XX E 45TH ST,1320,CRIMINAL DAMAGE,TO VEHICLE,STREET,false,false,221,2,4,38,14,41.81314196,-87.608767327,POINT(-87.608767327 41.81314196)
9446966,HX100261,2014-01-01T02:00:00,042XX N LEAVITT ST,0486,BATTERY,DOMESTIC BATTERY SIMPLE,RESIDENCE,false,true,1911,19,47,5,08B,41.958266893,-87.683734407,POINT(-87.683734407 41.958266893)
9446968,HX100132,2014-01-01T01:53:00,001XX W 105TH ST,0550,ASSAULT,AGGRAVATED PO: HANDGUN,RESIDENCE PORCH/HALLWAY,true,false,512,5,34,49,04A,41.703469561,-87.627409188,POINT(-87.627409188 41.703469561)
9446969,HX100222,2014-01-01T03:00:00,022XX S PULASKI RD,031A,ROBBERY,ARMED: HANDGUN,SIDEWALK,false,false,1013,10,22,29,03,41.850577171,-87.724733433,POINT(-87.724733433 41.850577171)
9446970,HX100097,2014-01-01T01:04:00,047XX S ELLIS AVE,0486,BATTERY,DOMESTIC BATTERY SIMPLE,STREET,false,false,222,2,4,39,08B,41.809134387,-87.601692846,POINT(-87.601692846 41.809134387)
9447888,HX101091,2014-01-02T06:00:00,0000X E SUPERIOR ST,0610,BURGLARY,FORCIBLE ENTRY,OTHER,false,false,1833,18,42,8,05,41.895708239,-87.626364993,POINT(-87.626364993 41.895708239)
9446971,HX100277,2014-01-01T04:29:00,031XX S CENTRAL PARK AVE,0430,BATTERY,AGGRAVATED: OTHER DANG WEAPON,ALLEY,false,false,1032,10,22,30,04B,41.836606769,-87.714583573,POINT(-87.714583573 41.836606769)
9446972,HX100299,2014-01-01T04:15:00,024XX S ALBANY AVE,0486,BATTERY,DOMESTIC BATTERY SIMPLE,APARTMENT,false,true,1033,10,12,30,08B,41.847368095,-87.702669116,POINT(-87.702669116 41.847368095)
9446973,HX100269,2014-01-01T03:45:00,035XX W MEDILL AVE,0460,BATTERY,SIMPLE,SIDEWALK,false,false,1413,14,26,22,08B,41.923704976,-87.715837269,POINT(-87.715837269 41.923704976)
9446976,HX100270,2014-01-01T04:17:00,073XX S BELL AVE,0486,BATTERY,DOMESTIC BATTERY SIMPLE,RESIDENCE,false,true,835,8,18,66,08B,41.760490977,-87.679359084,POINT(-87.679359084 41.760490977)
9446977,HX100292,2014-01-01T04:18:00,063XX W CORNELIA AVE,0486,BATTERY,DOMESTIC BATTERY SIMPLE,RESIDENCE,true,true,1633,16,36,17,08B,41.943852946,-87.784427263,POINT(-87.784427263 41.943852946)
9446978,HX100218,2014-01-01T02:37:00,073XX S LAFLIN ST,143A,WEAPONS VIOLATION,UNLAWFUL POSS OF HANDGUN,STREET,true,false,734,7,17,67,15,41.760709698,-87.662086086,POINT(-87.662086086 41.760709698)
9446979,HX100144,2014-01-01T02:15:00,039XX W ADAMS ST,1310,CRIMINAL DAMAGE,TO PROPERTY,APARTMENT,true,true,1122,11,28,26,14,41.877998967,-87.723922524,POINT(-87.723922524 41.877998967)
9446980,HX100247,2014-01-01T00:40:00,041XX S WABASH AVE,0460,BATTERY,SIMPLE,STREET,false,false,213,2,3,38,08B,41.819676878,-87.62473292,POINT(-87.62473292 41.819676878)
9446981,HX100282,2014-01-01T04:30:00,035XX W VAN BUREN ST,0486,BATTERY,DOMESTIC BATTERY SIMPLE,APARTMENT,false,true,1133,11,28,27,08B,41.875411327,-87.714209424,POINT(-87.714209424 41.875411327)
9446982,HX100317,2014-01-01T05:20:00,052XX S CAMPBELL AVE,0486,BATTERY,DOMESTIC BATTERY SIMPLE,SIDEWALK,true,true,923,9,14,63,08B,41.798666754,-87.686614032,POINT(-87.686614032 41.798666754)
9446983,HX100172,2014-01-01T02:20:00,038XX S UNION AVE,0430,BATTERY,AGGRAVATED: OTHER DANG WEAPON,RESIDENCE,false,false,915,9,11,60,04B,41.824728209,-87.643524474,POINT(-87.643524474 41.824728209)
9446985,HX100257,2014-01-01T04:00:00,008XX N CENTRAL AVE,0486,BATTERY,DOMESTIC BATTERY SIMPLE,APARTMENT,true,true,1524,15,37,25,08B,41.896148189,-87.765442413,POINT(-87.765442413 41.896148189)
9446987,HX100318,2014-01-01T04:52:00,022XX W 72ND ST,0486,BATTERY,DOMESTIC BATTERY SIMPLE,RESIDENCE,false,true,832,8,18,66,08B,41.762917434,-87.67992824,POINT(-87.67992824 41.762917434)
9446988,HX100124,2014-01-01T01:40:00,016XX N CALIFORNIA AVE,0486,BATTERY,DOMESTIC BATTERY SIMPLE,APARTMENT,false,true,1421,14,1,24,08B,41.911379424,-87.697017197,POINT(-87.697017197 41.911379424)
9446990,HX100307,2014-01-01T04:50:00,021XX S SPRINGFIELD AVE,0486,BATTERY,DOMESTIC BATTERY SIMPLE,APARTMENT,false,true,1014,10,24,29,08B,41.852655253,-87.722276506,POINT(-87.722276506 41.852655253)
9446991,HX100196,2014-01-01T02:45:00,020XX W LE MOYNE ST,0320,ROBBERY,STRONGARM - NO WEAPON,SIDEWALK,false,false,1424,14,1,24,03,41.908237096,-87.678437417,POINT(-87.678437417 41.908237096)
9446993,HX100293,2014-01-01T04:45:00,085XX S ESCANABA AVE,0560,ASSAULT,SIMPLE,APARTMENT,false,true,423,4,10,46,08A,41.740180002,-87.553912135,POINT(-87.553912135 41.740180002)
9446994,HX100246,2014-01-01T02:53:00,108XX S AVENUE O,0320,ROBBERY,STRONGARM - NO WEAPON,STREET,false,false,432,4,10,52,03,41.69867919,-87.540085081,POINT(-87.540085081 41.69867919)
9446995,HX100311,2014-01-01T03:15:00,077XX S CHAPPEL AVE,0486,BATTERY,DOMESTIC BATTERY SIMPLE,RESIDENCE,false,true,414,4,8,43,08B,41.75426646,-87.574818563,POINT(-87.574818563 41.75426646)
9446996,HX100178,2014-01-01T02:51:00,030XX E 80TH ST,143A,WEAPONS VIOLATION,UNLAWFUL POSS OF HANDGUN,STREET,true,false,422,4,7,46,15,41.75011935,-87.551010432,POINT(-87.551010432 41.75011935)
9446998,HX100243,2014-01-01T03:25:00,055XX S EVERETT AVE,0486,BATTERY,DOMESTIC BATTERY SIMPLE,RESIDENCE,true,true,235,2,5,41,08B,41.794754195,-87.582526567,POINT(-87.582526567 41.794754195)
9447000,HX100151,2014-01-01T02:10:00,054XX W IRVING PARK RD,0460,BATTERY,SIMPLE,BAR OR TAVERN,false,false,1633,16,38,15,08B,41.953231861,-87.762866213,POINT(-87.762866213 41.953231861)
9447001,HX100322,2014-01-01T04:00:00,025XX E 76TH ST,041A,BATTERY,AGGRAVATED: HANDGUN,STREET,false,false,421,4,7,43,04B,41.757212932,-87.56313262,POINT(-87.56313262 41.757212932)
9447003,HX100258,2014-01-01T03:30:00,012XX S MICHIGAN AVE,0495,BATTERY,AGGRAVATED OF A SENIOR CITIZEN,OTHER,true,false,132,1,2,33,04B,41.86661375,-87.62413407,POINT(-87.62413407 41.86661375)
9447004,HX100346,2014-01-01T06:30:00,014XX W 73RD PL,0486,BATTERY,DOMESTIC BATTERY SIMPLE,RESIDENCE,true,true,734,7,17,67,08B,41.76041768,-87.660018258,POINT(-87.660018258 41.76041768)
9447008,HX100344,2014-01-01T06:30:00,053XX S CARPENTER ST,0486,BATTERY,DOMESTIC BATTERY SIMPLE,APARTMENT,true,true,934,9,16,61,08B,41.796997111,-87.651306977,POINT(-87.651306977 41.796997111)
9447009,HX100347,2014-01-01T06:35:00,012XX S THROOP ST,0486,BATTERY,DOMESTIC BATTERY SIMPLE,CHA APARTMENT,false,true,1233,12,2,28,08B,41.865808939,-87.659093458,POINT(-87.659093458 41.865808939)
9447010,HX100337,2014-01-01T04:00:00,008XX S WESTERN AVE,0486,BATTERY,DOMESTIC BATTERY SIMPLE,RESIDENCE,false,false,1225,12,25,28,08B,41.870865856,-87.686154805,POINT(-87.686154805 41.870865856)
9447011,HX100336,2014-01-01T05:45:00,051XX S DAMEN AVE,0486,BATTERY,DOMESTIC BATTERY SIMPLE,APARTMENT,true,true,932,9,16,61,08B,41.799245305,-87.674454214,POINT(-87.674454214 41.799245305)
9447012,HX100325,2014-01-01T05:18:00,015XX N CLYBOURN AVE,0820,THEFT,$500 AND UNDER,STREET,true,false,1822,18,43,8,06,41.910676312,-87.649187069,POINT(-87.649187069 41.910676312)
9447014,HX100366,2014-01-01T07:00:00,008XX W 70TH ST,1310,CRIMINAL DAMAGE,TO PROPERTY,APARTMENT,true,true,733,7,6,68,14,41.767011212,-87.64502653,POINT(-87.64502653 41.767011212)
9447016,HX100352,2014-01-01T06:45:00,052XX S TRUMBULL AVE,0486,BATTERY,DOMESTIC BATTERY SIMPLE,RESIDENCE,false,true,822,8,14,63,08B,41.798040336,-87.709812994,POINT(-87.709812994 41.798040336)
9447017,HX100326,2014-01-01T04:45:00,047XX W NORTH AVE,1330,CRIMINAL TRESPASS,TO LAND,DRUG STORE,false,false,2533,25,37,25,26,41.909636288,-87.745300725,POINT(-87.745300725 41.909636288)
9447019,HX100377,2014-01-01T07:20:00,060XX S MAPLEWOOD AVE,0486,BATTERY,DOMESTIC BATTERY SIMPLE,RESIDENCE,true,true,825,8,15,66,08B,41.783871376,-87.687426388,POINT(-87.687426388 41.783871376)
9447020,HX100342,2014-01-01T04:40:00,074XX S STEWART AVE,0460,BATTERY,SIMPLE,RESIDENCE,false,false,731,7,17,69,08B,41.759129225,-87.634511056,POINT(-87.634511056 41.759129225)
9447021,HX100354,2014-01-01T06:40:00,047XX S INDIANA AVE,0460,BATTERY,SIMPLE,APARTMENT,true,false,224,2,3,38,08B,41.808669685,-87.621197237,POINT(-87.621197237 41.808669685)
9447022,HX100375,2014-01-01T07:30:00,095XX S PERRY AVE,0486,BATTERY,DOMESTIC BATTERY SIMPLE,RESIDENCE,false,true,511,5,21,49,08B,41.720734992,-87.626216592,POINT(-87.626216592 41.720734992)
9447025,HX100365,2014-01-01T06:45:00,056XX S WABASH AVE,1310,CRIMINAL DAMAGE,TO PROPERTY,APARTMENT,false,true,225,2,20,40,14,41.792043078,-87.624017919,POINT(-87.624017919 41.792043078)
9447027,HX100357,2014-01-01T06:00:00,057XX N LINCOLN AVE,0486,BATTERY,DOMESTIC BATTERY SIMPLE,RESIDENCE,true,true,2011,20,40,2,08B,41.986390702,-87.700658849,POINT(-87.700658849 41.986390702)
9447028,HX100363,2014-01-01T07:20:00,0000X W 95TH ST,0454,BATTERY,AGG PO HANDS NO/MIN INJURY,CTA BUS,true,false,634,6,21,49,08B,41.721627204,-87.624485177,POINT(-87.624485177 41.721627204)
9447029,HX100411,2014-01-01T08:45:00,060XX S MC VICKER AVE,0820,THEFT,$500 AND UNDER,STREET,false,false,812,8,23,64,06,41.782511609,-87.772891986,POINT(-87.772891986 41.782511609)
9447030,HX100350,2014-01-01T03:00:00,074XX S VERNON AVE,1320,CRIMINAL DAMAGE,TO VEHICLE,STREET,false,false,323,3,6,69,14,41.759314882,-87.613903333,POINT(-87.613903333 41.759314882)
9447033,HX100385,2014-01-01T01:30:00,032XX N ASHLAND AVE,0460,BATTERY,SIMPLE,STREET,false,false,1922,19,44,6,08B,41.939923405,-87.668667203,POINT(-87.668667203 41.939923405)
9447039,HX100388,2014-01-01T08:00:00,004XX E 44TH ST,0910,MOTOR VEHICLE THEFT,AUTOMOBILE,STREET,false,false,221,2,3,38,07,41.814841874,-87.615516283,POINT(-87.615516283 41.814841874)
9447041,HX100372,2014-01-01T05:45:00,019XX S HOMAN AVE,0910,MOTOR VEHICLE THEFT,AUTOMOBILE,STREET,false,false,1024,10,24,29,07,41.854590973,-87.710207387,POINT(-87.710207387 41.854590973)
9447042,HX100393,2014-01-01T00:30:00,003XX W ONTARIO ST,0890,THEFT,FROM BUILDING,RESTAURANT,false,false,1831,18,42,8,06,41.893137832,-87.637753417,POINT(-87.637753417 41.893137832)
9447044,HX100383,2014-01-01T00:00:00,024XX N LINCOLN AVE,0810,THEFT,OVER $500,BAR OR TAVERN,false,false,1932,19,43,7,06,41.926954091,-87.650868938,POINT(-87.650868938 41.926954091)
9447048,HX100373,2014-01-01T00:01:00,078XX S CONSTANCE AVE,1310,CRIMINAL DAMAGE,TO PROPERTY,RESIDENCE,false,false,414,4,8,43,14,41.752646328,-87.57967152,POINT(-87.57967152 41.752646328)
9447050,HX100391,2014-01-01T08:30:00,055XX W WASHINGTON BLVD,0496,BATTERY,AGGRAVATED DOMESTIC BATTERY: KNIFE/CUTTING INST,APARTMENT,false,true,1522,15,29,25,04B,41.882253167,-87.764151663,POINT(-87.764151663 41.882253167)
9447053,HX100381,2014-01-01T08:00:00,061XX S WABASH AVE,0486,BATTERY,DOMESTIC BATTERY SIMPLE,APARTMENT,false,true,311,3,20,40,08B,41.783257178,-87.623784773,POINT(-87.623784773 41.783257178)
9447059,HX100361,2014-01-01T07:20:00,001XX W DIVISION ST,0320,ROBBERY,STRONGARM - NO WEAPON,SIDEWALK,false,false,1824,18,42,8,03,41.903892594,-87.631906111,POINT(-87.631906111 41.903892594)
9447062,HX100295,2014-01-01T04:30:00,103XX S WENTWORTH AVE,0910,MOTOR VEHICLE THEFT,AUTOMOBILE,ABANDONED BUILDING,false,false,512,5,34,49,07,41.706875037,-87.628265515,POINT(-87.628265515 41.706875037)
9447064,HX100301,2014-01-01T04:30:00,018XX S PULASKI RD,0910,MOTOR VEHICLE THEFT,AUTOMOBILE,STREET,false,false,1012,10,24,29,07,41.856113138,-87.72488284,POINT(-87.72488284 41.856113138)
9447068,HX100335,2014-01-01T03:00:00,031XX N DRAKE AVE,1320,CRIMINAL DAMAGE,TO VEHICLE,STREET,false,false,1412,14,35,21,14,41.93816315,-87.716135181,POINT(-87.716135181 41.93816315)
9447074,HX100407,2014-01-01T08:45:00,006XX N AVERS AVE,0486,BATTERY,DOMESTIC BATTERY SIMPLE,APARTMENT,true,true,1122,11,27,23,08B,41.892529521,-87.722329989,POINT(-87.722329989 41.892529521)
9447075,HX100355,2014-01-01T06:10:00,058XX S CALUMET AVE,0486,BATTERY,DOMESTIC BATTERY SIMPLE,APARTMENT,false,true,232,2,20,40,08B,41.788681758,-87.617450953,POINT(-87.617450953 41.788681758)
9447076,HX100384,2014-01-01T08:00:00,105XX S EDBROOKE AVE,0820,THEFT,$500 AND UNDER,RESIDENCE,false,true,512,5,9,49,06,41.702938712,-87.619662566,POINT(-87.619662566 41.702938712)
9447077,HX100422,2014-01-01T09:00:00,043XX W CORTEZ ST,0486,BATTERY,DOMESTIC BATTERY SIMPLE,RESIDENCE,false,true,1111,11,37,23,08B,41.899790103,-87.734705659,POINT(-87.734705659 41.899790103)
9447078,HX100437,2014-01-01T01:35:00,006XX S SACRAMENTO BLVD,0460,BATTERY,SIMPLE,RESTAURANT,false,false,1135,11,2,27,08B,41.873517205,-87.701005851,POINT(-87.701005851 41.873517205)
9447080,HX100399,2014-01-01T04:00:00,003XX E 69TH ST,0486,BATTERY,DOMESTIC BATTERY SIMPLE,APARTMENT,false,true,322,3,6,69,08B,41.769286936,-87.618183502,POINT(-87.618183502 41.769286936)
9447081,HX100396,2014-01-01T02:00:00,037XX N CLIFTON AVE,0460,BATTERY,SIMPLE,STREET,false,false,1923,19,44,6,08B,41.949915987,-87.657538795,POINT(-87.657538795 41.949915987)
9447083,HX100418,2014-01-01T07:45:00,034XX S EMERALD AVE,0486,BATTERY,DOMESTIC BATTERY SIMPLE,APARTMENT,true,true,915,9,11,60,08B,41.831745402,-87.644913197,POINT(-87.644913197 41.831745402)
9447085,HX100440,2014-01-01T06:00:00,027XX E 80TH ST,0520,ASSAULT,AGGRAVATED:KNIFE/CUTTING INSTR,RESIDENCE,false,true,422,4,7,46,04A,41.750033294,-87.55734034,POINT(-87.55734034 41.750033294)
9447086,HX100369,2014-01-01T07:42:00,037XX S WELLS ST,0486,BATTERY,DOMESTIC BATTERY SIMPLE,CHA PARKING LOT/GROUNDS,false,true,915,9,3,34,08B,41.826054739,-87.632815106,POINT(-87.632815106 41.826054739)
9447087,HX100431,2014-01-01T09:44:00,008XX W 53RD ST,1320,CRIMINAL DAMAGE,TO VEHICLE,OTHER,false,true,934,9,20,61,14,41.797824585,-87.646482924,POINT(-87.646482924 41.797824585)
9447089,HX100392,2014-01-01T08:20:00,019XX S HARDING AVE,0486,BATTERY,DOMESTIC BATTERY SIMPLE,APARTMENT,false,true,1014,10,24,29,08B,41.854572204,-87.723583358,POINT(-87.723583358 41.854572204)
9447094,HX100351,2014-01-01T05:30:00,018XX W HURON ST,0486,BATTERY,DOMESTIC BATTERY SIMPLE,APARTMENT,false,true,1221,12,1,24,08B,41.894156179,-87.673123361,POINT(-87.673123361 41.894156179)
9447095,HX100403,2014-01-01T07:23:00,036XX W DOUGLAS BLVD,3731,INTERFERENCE WITH PUBLIC OFFICER,OBSTRUCTING IDENTIFICATION,STREET,true,false,1011,10,24,29,24,41.862850731,-87.715710949,POINT(-87.715710949 41.862850731)
9447098,HX100028,2014-01-01T00:05:00,121XX S YALE AVE,143A,WEAPONS VIOLATION,UNLAWFUL POSS OF HANDGUN,RESIDENTIAL YARD (FRONT/BACK),true,false,523,5,34,53,15,41.673727949,-87.628543194,POINT(-87.628543194 41.673727949)
9447100,HX100430,2014-01-01T09:23:00,062XX S EBERHART AVE,0470,PUBLIC PEACE VIOLATION,RECKLESS CONDUCT,STREET,true,false,313,3,20,42,24,41.781553183,-87.613233162,POINT(-87.613233162 41.781553183)
9447102,HX100424,2014-01-01T09:15:00,014XX E 69TH ST,1310,CRIMINAL DAMAGE,TO PROPERTY,APARTMENT,false,false,332,3,5,43,14,41.769670834,-87.588761358,POINT(-87.588761358 41.769670834)
9447103,HX100446,2014-01-01T09:55:00,035XX W GRENSHAW ST,2024,NARCOTICS,POSS: HEROIN(WHITE),VACANT LOT/LAND,true,false,1133,11,24,29,18,41.867260807,-87.714192616,POINT(-87.714192616 41.867260807)
9447105,HX100445,2014-01-01T09:15:00,133XX S BUFFALO AVE,4387,OTHER OFFENSE,VIOLATE ORDER OF PROTECTION,RESIDENCE,false,true,433,4,10,55,26,41.652938319,-87.543515324,POINT(-87.543515324 41.652938319)
9447106,HX100479,2014-01-01T02:50:00,014XX S LOOMIS ST,0820,THEFT,$500 AND UNDER,BAR OR TAVERN,false,false,1233,12,2,28,06,41.862963286,-87.661458181,POINT(-87.661458181 41.862963286)
9447107,HX100449,2014-01-01T00:01:00,035XX W 78TH ST,1310,CRIMINAL DAMAGE,TO PROPERTY,RESIDENCE,false,false,835,8,18,70,14,41.751497141,-87.710842657,POINT(-87.710842657 41.751497141)
9447114,HX100343,2014-01-01T06:40:00,032XX W WILSON AVE,1210,DECEPTIVE PRACTICE,THEFT OF LABOR/SERVICES,TAXICAB,false,false,1724,17,33,14,11,41.964688389,-87.709977733,POINT(-87.709977733 41.964688389)
9447115,HX100429,2014-01-01T00:01:00,007XX E 92ND ST,2820,OTHER OFFENSE,TELEPHONE THREAT,RESIDENCE,false,false,633,6,9,44,26,41.727501828,-87.606323495,POINT(-87.606323495 41.727501828)
9447116,HX100457,2014-01-01T01:00:00,006XX N DEARBORN ST,0870,THEFT,POCKET-PICKING,BAR OR TAVERN,false,false,1832,18,42,8,06,41.893541578,-87.629701805,POINT(-87.629701805 41.893541578)
9447119,HX100420,2014-01-01T09:00:00,054XX W VAN BUREN ST,0486,BATTERY,DOMESTIC BATTERY SIMPLE,APARTMENT,false,true,1522,15,29,25,08B,41.874781084,-87.760391956,POINT(-87.760391956 41.874781084)
9447121,HX100380,2014-01-01T06:00:00,001XX S LAVERGNE AVE,0486,BATTERY,DOMESTIC BATTERY SIMPLE,APARTMENT,false,true,1533,15,28,25,08B,41.879058726,-87.749367011,POINT(-87.749367011 41.879058726)
9447122,HX100066,2014-01-01T01:10:00,048XX W FERDINAND ST,0486,BATTERY,DOMESTIC BATTERY SIMPLE,RESIDENCE,false,true,1532,15,28,25,08B,41.889558257,-87.746682182,POINT(-87.746682182 41.889558257)
9447124,HX100467,2014-01-01T00:33:00,083XX S WESTERN AVE,0560,ASSAULT,SIMPLE,STREET,false,false,835,8,18,70,08A,41.742380894,-87.682672136,POINT(-87.682672136 41.742380894)
9447126,HX100486,2014-01-01T10:50:00,015XX S HARDING AVE,2027,NARCOTICS,POSS: CRACK,SIDEWALK,true,false,1014,10,24,29,18,41.860026059,-87.723773831,POINT(-87.723773831 41.860026059)
9447131,HX100387,2014-01-01T01:00:00,008XX W 15TH PL,0486,BATTERY,DOMESTIC BATTERY SIMPLE,RESIDENCE,false,true,1232,12,25,28,08B,41.861001245,-87.648006164,POINT(-87.648006164 41.861001245)
9447132,HX100416,2014-01-01T00:01:00,016XX W CONGRESS PKWY,0890,THEFT,FROM BUILDING,RESTAURANT,false,false,1231,12,2,28,06,41.875155116,-87.667906709,POINT(-87.667906709 41.875155116)
9447133,HX100475,2014-01-01T01:00:00,061XX N SEELEY AVE,0460,BATTERY,SIMPLE,APARTMENT,false,false,2413,24,40,2,08B,41.992639627,-87.681115341,POINT(-87.681115341 41.992639627)
9447135,HX100401,2014-01-01T02:00:00,057XX N RAVENSWOOD AVE,0281,CRIM SEXUAL ASSAULT,NON-AGGRAVATED,VEHICLE NON-COMMERCIAL,false,false,2012,20,40,77,02,41.985813738,-87.674678351,POINT(-87.674678351 41.985813738)
9447136,HX100483,2014-01-01T10:40:00,032XX N HARLEM AVE,1310,CRIMINAL DAMAGE,TO PROPERTY,COMMERCIAL / BUSINESS OFFICE,false,false,1632,16,36,17,14,41.938598108,-87.806767636,POINT(-87.806767636 41.938598108)
9447137,HX100481,2014-01-01T11:00:00,058XX S ARCHER AVE,1330,CRIMINAL TRESPASS,TO LAND,OTHER,true,false,814,8,23,56,26,41.796150799,-87.759559887,POINT(-87.759559887 41.796150799)
9447138,HX100485,2014-01-01T11:05:00,008XX W 52ND ST,0486,BATTERY,DOMESTIC BATTERY SIMPLE,APARTMENT,false,true,934,9,3,61,08B,41.799768601,-87.645743335,POINT(-87.645743335 41.799768601)
9447140,HX100468,2014-01-01T10:25:00,044XX S TALMAN AVE,0486,BATTERY,DOMESTIC BATTERY SIMPLE,APARTMENT,true,true,922,9,12,58,08B,41.813077843,-87.690680248,POINT(-87.690680248 41.813077843)
9447142,HX100521,2014-01-01T10:10:00,008XX W 119TH ST,3731,INTERFERENCE WITH PUBLIC OFFICER,OBSTRUCTING IDENTIFICATION,STREET,true,false,524,5,34,53,24,41.677810006,-87.642302645,POINT(-87.642302645 41.677810006)
9447143,HX100511,2014-01-01T10:36:00,006XX N KEDZIE AVE,2024,NARCOTICS,POSS: HEROIN(WHITE),VACANT LOT/LAND,true,false,1221,12,27,23,18,41.892855703,-87.706474968,POINT(-87.706474968 41.892855703)
9447144,HX100509,2014-01-01T11:00:00,013XX W 13TH ST,0486,BATTERY,DOMESTIC BATTERY SIMPLE,STREET,false,true,1233,12,2,28,08B,41.865187198,-87.660234403,POINT(-87.660234403 41.865187198)
9447146,HX100477,2014-01-01T09:00:00,020XX W 68TH ST,0460,BATTERY,SIMPLE,RESIDENCE,false,false,726,7,17,67,08B,41.7702494,-87.674501744,POINT(-87.674501744 41.7702494)
9447147,HX100559,2014-01-01T11:45:00,010XX W GRANVILLE AVE,1780,OFFENSE INVOLVING CHILDREN,OTHER OFFENSE,APARTMENT,false,true,2433,24,48,77,26,41.994588742,-87.657522554,POINT(-87.657522554 41.994588742)
9447150,HX100360,2014-01-01T06:10:00,089XX S BURLEY AVE,0420,BATTERY,AGGRAVATED:KNIFE/CUTTING INSTR,APARTMENT,false,false,424,4,10,46,04B,41.732857275,-87.545728081,POINT(-87.545728081 41.732857275)
9447151,HX100461,2014-01-01T00:01:00,071XX S JEFFERY BLVD,0610,BURGLARY,FORCIBLE ENTRY,SMALL RETAIL STORE,false,false,333,3,5,43,05,41.765039197,-87.57627519,POINT(-87.57627519 41.765039197)
9447153,HX100581,2014-01-01T03:00:00,039XX W MONTROSE AVE,0460,BATTERY,SIMPLE,SIDEWALK,false,false,1723,17,39,14,08B,41.960970619,-87.725967322,POINT(-87.725967322 41.960970619)
9447154,HX100569,2014-01-01T12:09:00,078XX S WESTERN AVE,1811,NARCOTICS,POSS: CANNABIS 30GMS OR LESS,PARKING LOT/GARAGE(NON.RESID.),true,false,835,8,18,70,18,41.75110345,-87.68287357,POINT(-87.68287357 41.75110345)
9447158,HX100502,2014-01-01T00:30:00,0000X E ONTARIO ST,0910,MOTOR VEHICLE THEFT,AUTOMOBILE,STREET,false,false,1834,18,42,8,07,41.893302665,-87.626101368,POINT(-87.626101368 41.893302665)
9447160,HX100580,2014-01-01T12:00:00,032XX W CRYSTAL ST,0810,THEFT,OVER $500,APARTMENT,false,false,1422,14,26,23,06,41.903746867,-87.707852518,POINT(-87.707852518 41.903746867)
9447161,HX100576,2014-01-01T04:00:00,112XX S RACINE AVE,0820,THEFT,$500 AND UNDER,STREET,false,false,2234,22,34,75,06,41.68897153,-87.652006202,POINT(-87.652006202 41.68897153)
9447164,HX100565,2014-01-01T01:00:00,015XX N MASSASOIT AVE,0890,THEFT,FROM BUILDING,RESIDENCE,false,false,2531,25,29,25,06,41.90806448,-87.76950279,POINT(-87.76950279 41.90806448)
9447167,HX100516,2014-01-01T01:00:00,091XX S NORMAL AVE,0890,THEFT,FROM BUILDING,RESIDENCE,false,false,2223,22,21,73,06,41.728207847,-87.636110151,POINT(-87.636110151 41.728207847)
9447168,HX100586,2014-01-01T00:01:00,001XX W KINZIE ST,0460,BATTERY,SIMPLE,BAR OR TAVERN,false,false,1831,18,42,8,08B,41.88917741,-87.63315788,POINT(-87.63315788 41.88917741)
9447171,HX100489,2014-01-01T05:00:00,027XX N PARKSIDE AVE,5002,OTHER OFFENSE,OTHER VEHICLE OFFENSE,STREET,false,false,2514,25,30,19,26,41.930041027,-87.767420369,POINT(-87.767420369 41.930041027)
9447172,HX100496,2014-01-01T11:30:00,008XX N LAWNDALE AVE,0486,BATTERY,DOMESTIC BATTERY SIMPLE,RESIDENCE,true,true,1112,11,27,23,08B,41.89637448,-87.718781927,POINT(-87.718781927 41.89637448)
9447174,HX100518,2014-01-01T02:00:00,019XX W WOLFRAM ST,0620,BURGLARY,UNLAWFUL ENTRY,STREET,false,false,1931,19,32,5,05,41.933217001,-87.676377446,POINT(-87.676377446 41.933217001)
9447175,HX100473,2014-01-01T10:15:00,047XX W CHICAGO AVE,0430,BATTERY,AGGRAVATED: OTHER DANG WEAPON,SIDEWALK,false,false,1111,11,37,25,04B,41.895036238,-87.744094044,POINT(-87.744094044 41.895036238)
9447181,HX100504,2014-01-01T01:30:00,052XX S LAKE PARK AVE,2826,OTHER OFFENSE,HARASSMENT BY ELECTRONIC MEANS,OTHER,false,true,234,2,4,41,26,41.800230421,-87.587373452,POINT(-87.587373452 41.800230421)
9447186,HX100499,2014-01-01T01:58:00,022XX N ASHLAND AVE,0890,THEFT,FROM BUILDING,BAR OR TAVERN,false,false,1811,18,32,7,06,41.92248531,-87.668440345,POINT(-87.668440345 41.92248531)
9447187,HX100539,2014-01-01T12:00:00,031XX W COLUMBUS AVE,0486,BATTERY,DOMESTIC BATTERY SIMPLE,RESIDENCE,false,false,835,8,18,70,08B,41.75127961,-87.700660442,POINT(-87.700660442 41.75127961)
9447188,HX100493,2014-01-01T01:30:00,007XX S KILBOURN AVE,1310,CRIMINAL DAMAGE,TO PROPERTY,RESIDENCE,false,false,1131,11,24,26,14,41.8711618,-87.737810984,POINT(-87.737810984 41.8711618)
9447191,HX100587,2014-01-01T12:45:00,054XX S WINCHESTER AVE,1811,NARCOTICS,POSS: CANNABIS 30GMS OR LESS,SIDEWALK,true,false,932,9,16,61,18,41.795176107,-87.673120679,POINT(-87.673120679 41.795176107)
9447193,HX100550,2014-01-01T11:40:00,0000X E MONROE ST,1330,CRIMINAL TRESPASS,TO LAND,HOTEL/MOTEL,true,false,112,1,42,32,26,41.880775433,-87.627029031,POINT(-87.627029031 41.880775433)
9447194,HX100460,2014-01-01T09:48:00,027XX S RIDGEWAY AVE,0486,BATTERY,DOMESTIC BATTERY SIMPLE,RESIDENCE,true,true,1031,10,22,30,08B,41.84162722,-87.718381256,POINT(-87.718381256 41.84162722)
9447195,HX100583,2014-01-01T12:15:00,007XX N CICERO AVE,2092,NARCOTICS,SOLICIT NARCOTICS ON PUBLICWAY,SIDEWALK,true,false,1531,15,28,25,26,41.89338448,-87.745754666,POINT(-87.745754666 41.89338448)
9447199,HX100556,2014-01-01T11:30:00,026XX E 79TH ST,0560,ASSAULT,SIMPLE,CONVENIENCE STORE,true,false,422,4,7,46,08A,41.751815845,-87.560005138,POINT(-87.560005138 41.751815845)
9447203,HX100536,2014-01-01T01:00:00,005XX S MICHIGAN AVE,0890,THEFT,FROM BUILDING,HOTEL/MOTEL,false,false,123,1,2,32,06,41.875272573,-87.624251314,POINT(-87.624251314 41.875272573)
9447204,HX100571,2014-01-01T12:29:00,016XX N LARAMIE AVE,1812,NARCOTICS,POSS: CANNABIS MORE THAN 30GMS,PARKING LOT/GARAGE(NON.RESID.),true,false,2532,25,37,25,18,41.909826336,-87.755710531,POINT(-87.755710531 41.909826336)
9447205,HX100603,2014-01-01T00:02:00,064XX S MAPLEWOOD AVE,1310,CRIMINAL DAMAGE,TO PROPERTY,RESIDENCE,false,true,825,8,15,66,14,41.776389307,-87.687226505,POINT(-87.687226505 41.776389307)
9447208,HX100512,2014-01-01T11:00:00,026XX E 79TH ST,0860,THEFT,RETAIL THEFT,SMALL RETAIL STORE,false,false,422,4,7,46,06,41.751821289,-87.559590955,POINT(-87.559590955 41.751821289)
9447213,HX100304,2014-01-01T04:15:00,096XX S GREEN ST,0520,ASSAULT,AGGRAVATED:KNIFE/CUTTING INSTR,RESIDENCE,false,true,2223,22,21,73,04A,41.718452107,-87.644350846,POINT(-87.644350846 41.718452107)
9447215,HX100599,2014-01-01T12:57:00,033XX W HURON ST,1811,NARCOTICS,POSS: CANNABIS 30GMS OR LESS,SIDEWALK,true,false,1121,11,27,23,18,41.89368443,-87.710503351,POINT(-87.710503351 41.89368443)
9447216,HX100532,2014-01-01T11:50:00,004XX S KOSTNER AVE,0313,ROBBERY,ARMED: OTHER DANGEROUS WEAPON,GAS STATION,false,false,1131,11,24,26,03,41.874850606,-87.735272577,POINT(-87.735272577 41.874850606)
9447218,HX100600,2014-01-01T04:05:00,047XX W MADISON ST,0610,BURGLARY,FORCIBLE ENTRY,SMALL RETAIL STORE,false,false,1113,11,28,25,05,41.880513166,-87.743992473,POINT(-87.743992473 41.880513166)
9447219,HX100591,2014-01-01T12:57:00,033XX W MAYPOLE AVE,0330,ROBBERY,AGGRAVATED,SIDEWALK,false,false,1123,11,28,27,03,41.883582151,-87.709360238,POINT(-87.709360238 41.883582151)
9447220,HX100621,2014-01-01T13:35:00,029XX W ADAMS ST,0486,BATTERY,DOMESTIC BATTERY SIMPLE,RESIDENCE,false,true,1124,11,2,27,08B,41.878310554,-87.699357612,POINT(-87.699357612 41.878310554)
9447221,HX100608,2014-01-01T13:30:00,054XX S SAWYER AVE,0486,BATTERY,DOMESTIC BATTERY SIMPLE,APARTMENT,false,true,822,8,14,63,08B,41.794678786,-87.704814159,POINT(-87.704814159 41.794678786)
9447222,HX100634,2014-01-01T13:30:00,026XX W GRAND AVE,0810,THEFT,OVER $500,OTHER,false,false,1221,12,26,24,06,41.89294162,-87.693196852,POINT(-87.693196852 41.89294162)
9447227,HX100612,2014-01-01T00:00:00,013XX W WRIGHTWOOD AVE,1320,CRIMINAL DAMAGE,TO VEHICLE,STREET,false,false,1932,19,32,7,14,41.928879911,-87.661465158,POINT(-87.661465158 41.928879911)
9447229,HX100579,2014-01-01T11:31:00,008XX W 87TH ST,2027,NARCOTICS,POSS: CRACK,STREET,true,false,613,6,21,71,18,41.736045074,-87.645584429,POINT(-87.645584429 41.736045074)
9447231,HX100525,2014-01-01T11:55:00,037XX W WASHINGTON BLVD,1812,NARCOTICS,POSS: CANNABIS MORE THAN 30GMS,VEHICLE NON-COMMERCIAL,true,false,1122,11,28,27,18,41.881658016,-87.719466447,POINT(-87.719466447 41.881658016)
9447232,HX100629,2014-01-01T13:40:00,031XX N CICERO AVE,0486,BATTERY,DOMESTIC BATTERY SIMPLE,APARTMENT,false,true,2521,25,31,19,08B,41.937393766,-87.74683203,POINT(-87.74683203 41.937393766)
9447233,HX100607,2014-01-01T13:05:00,014XX N AUSTIN BLVD,0486,BATTERY,DOMESTIC BATTERY SIMPLE,APARTMENT,false,true,2531,25,29,25,08B,41.906356696,-87.775505789,POINT(-87.775505789 41.906356696)
9447235,HX100390,2014-01-01T04:00:00,015XX W HOLLYWOOD AVE,0486,BATTERY,DOMESTIC BATTERY SIMPLE,APARTMENT,false,true,2013,20,48,77,08B,41.985445197,-87.668348394,POINT(-87.668348394 41.985445197)
9447237,HX100619,2014-01-01T04:00:00,002XX W 38TH PL,0486,BATTERY,DOMESTIC BATTERY SIMPLE,CHA APARTMENT,true,true,915,9,3,34,08B,41.824547259,-87.633121383,POINT(-87.633121383 41.824547259)
9447238,HX100308,2014-01-01T02:30:00,027XX N NEWCASTLE AVE,0820,THEFT,$500 AND UNDER,RESIDENCE,true,false,2512,25,36,18,06,41.929503537,-87.796648174,POINT(-87.796648174 41.929503537)
9447242,HX100648,2014-01-01T13:45:00,021XX E 73RD ST,1210,DECEPTIVE PRACTICE,THEFT OF LABOR/SERVICES,TAXICAB,false,false,333,3,5,43,11,41.762545066,-87.573430858,POINT(-87.573430858 41.762545066)
9447244,HX100651,2014-01-01T13:35:00,030XX W LAWRENCE AVE,3731,INTERFERENCE WITH PUBLIC OFFICER,OBSTRUCTING IDENTIFICATION,STREET,true,false,1713,17,33,14,24,41.968492369,-87.70403512,POINT(-87.70403512 41.968492369)
9447245,HX100652,2014-01-01T13:42:00,077XX S COLES AVE,1360,CRIMINAL TRESPASS,TO VEHICLE,STREET,true,false,421,4,7,43,26,41.755023855,-87.553498008,POINT(-87.553498008 41.755023855)
9447246,HX100645,2014-01-01T13:25:00,005XX N SPRINGFIELD AVE,2027,NARCOTICS,POSS: CRACK,STREET,true,false,1122,11,27,23,18,41.890494037,-87.723502612,POINT(-87.723502612 41.890494037)
9447247,HX100632,2014-01-01T13:00:00,115XX S PRAIRIE AVE,0486,BATTERY,DOMESTIC BATTERY SIMPLE,RESIDENCE,true,true,532,5,9,53,08B,41.683345387,-87.616767376,POINT(-87.616767376 41.683345387)
9447249,HX100605,2014-01-01T01:30:00,037XX N CLARK ST,0810,THEFT,OVER $500,RESTAURANT,false,false,1923,19,44,6,06,41.94981807,-87.6586206,POINT(-87.6586206 41.94981807)
9447256,HX100649,2014-01-01T12:52:00,0000X N WESTERN AVE,1811,NARCOTICS,POSS: CANNABIS 30GMS OR LESS,GAS STATION,true,false,1223,12,2,28,18,41.882407184,-87.686468002,POINT(-87.686468002 41.882407184)
9447258,HX100644,2014-01-01T13:30:00,038XX W MAYPOLE AVE,1310,CRIMINAL DAMAGE,TO PROPERTY,APARTMENT,false,true,1122,11,28,26,14,41.8840708,-87.722149853,POINT(-87.722149853 41.8840708)
9447261,HX100661,2014-01-01T14:00:00,045XX S CALUMET AVE,1130,DECEPTIVE PRACTICE,FRAUD OR CONFIDENCE GAME,RESIDENCE,false,false,215,2,3,38,11,41.812051402,-87.618228891,POINT(-87.618228891 41.812051402)
9447263,HX100675,2014-01-01T00:00:00,006XX S CICERO AVE,0910,MOTOR VEHICLE THEFT,AUTOMOBILE,STREET,false,false,1533,15,24,25,07,41.872924943,-87.744991122,POINT(-87.744991122 41.872924943)
9447264,HX100627,2014-01-01T13:30:00,113XX S WENTWORTH AVE,2027,NARCOTICS,POSS: CRACK,STREET,true,false,522,5,34,49,18,41.688213349,-87.627777362,POINT(-87.627777362 41.688213349)
9447265,HX100639,2014-01-01T13:15:00,003XX N CENTRAL AVE,1811,NARCOTICS,POSS: CANNABIS 30GMS OR LESS,SIDEWALK,true,false,1523,15,28,25,18,41.886755667,-87.765095923,POINT(-87.765095923 41.886755667)
9447266,HX100663,2014-01-01T14:03:00,027XX W DEVON AVE,1812,NARCOTICS,POSS: CANNABIS MORE THAN 30GMS,STREET,true,false,2412,24,50,2,18,41.997597074,-87.697512817,POINT(-87.697512817 41.997597074)
9447267,HX100647,2014-01-01T13:48:00,015XX S RIDGEWAY AVE,0486,BATTERY,DOMESTIC BATTERY SIMPLE,RESIDENCE,false,true,1014,10,24,29,08B,41.859912232,-87.718892563,POINT(-87.718892563 41.859912232)
9447268,HX100595,2014-01-01T06:30:00,058XX S PEORIA ST,0263,CRIM SEXUAL ASSAULT,AGGRAVATED: KNIFE/CUT INSTR,ALLEY,false,false,712,7,16,68,02,41.788244447,-87.647428569,POINT(-87.647428569 41.788244447)
9447270,HX100692,2014-01-01T03:00:00,043XX W DICKENS AVE,0820,THEFT,$500 AND UNDER,RESIDENCE,false,false,2522,25,30,20,06,41.918898336,-87.734729192,POINT(-87.734729192 41.918898336)
9447271,HX100703,2014-01-01T15:00:00,045XX W WRIGHTWOOD AVE,1320,CRIMINAL DAMAGE,TO VEHICLE,STREET,false,false,2521,25,31,20,14,41.928272125,-87.740451515,POINT(-87.740451515 41.928272125)
9447272,HX100672,2014-01-01T12:00:00,050XX N MARINE DR,0820,THEFT,$500 AND UNDER,OTHER,true,false,2024,20,48,3,06,41.974654882,-87.651485236,POINT(-87.651485236 41.974654882)
